language,iso_639_3,release_videos,release_share,downloaded,corrupt,unavailable,bot,other,untried,availability,availability_low,availability_high,hours,mean_min,median_min,est_release_hours,est_release_hours_low,est_release_hours_high
ase,True,16724,0.4266653060183177,5096,0,11333,95,198,2,0.3101832126118449,0.3031549022868464,0.31730027206352285,440.29037149083337,5.183952568573391,3.3059410500000004,1444.9403792803564,1395.5845252609902,1504.2154880668393
ins,True,3023,0.07712324922825727,471,0,2490,8,54,0,0.1590678824721378,0.1463370378658338,0.17268223115683506,36.69157893333333,4.674086488322717,4.310784583333333,235.4960575699929,223.89982050687635,247.06130431103597
pso,True,1698,0.04331964180932214,323,0,1357,6,12,0,0.19226190476190477,0.17412796883654577,0.2118000186891217,29.997169261388894,5.5722295841589276,3.8398065,157.69409723169764,141.22089099339433,178.47031835558886
hsh,True,1687,0.04303900808735362,1259,0,415,2,11,0,0.7520908004778972,0.7308440411102367,0.7721831814833621,53.61730144416668,2.555232793208896,1.5936628833333333,71.84462870239014,67.42281660615633,76.65540764908219
ils,True,1634,0.04168686379059622,498,0,1124,8,4,0,0.3070283600493218,0.2850582227610686,0.32991041871052373,85.2839913925,10.275179685843373,7.8338322,279.8273934444679,262.0006758633074,299.2454071366497
asf,True,1098,0.028012347883766615,434,0,637,3,24,0,0.40522875816993464,0.37621546939329825,0.4349194922605865,25.20239902388889,3.484202630030722,2.5538080166666663,63.76090812956222,56.376009740402644,73.56542663362731
jsl,True,1075,0.027425568283286985,481,0,582,5,7,0,0.4524929444967074,0.4227954734411859,0.48253255276251666,30.865066399166665,3.8501122327442823,2.984538166666667,68.98117750333506,63.74883609959575,75.21803921369218
bfi,True,1026,0.02617547261269995,682,0,327,5,12,0,0.6759167492566898,0.6464173990275225,0.7040816326078289,49.36508223916667,4.342969111950146,3.040459558333333,74.26477181434751,68.36026582410538,80.82123765306105
gsg,True,1024,0.026124448299614765,136,0,858,6,24,0,0.13682092555331993,0.1168501591931229,0.15958810515664967,15.928516924444443,7.027286878431372,4.389925925,119.93236272522876,91.1703634496732,157.25655819058818
ise,True,929,0.023700793428068474,747,0,182,0,0,0,0.8040904198062433,0.7773371539526972,0.8283390937618129,47.284573683611114,3.797957725591254,2.6130189,58.805045451237916,55.51349131455991,62.1581938988804
fsl,True,900,0.02296094088833329,146,0,740,4,10,0,0.16478555304740405,0.14181404365643735,0.19065141985976597,8.6811347875,3.56758963869863,2.0371640166666665,53.51384458047945,45.45836717898116,61.70922216502568
bzs,True,846,0.021583284435033292,396,0,443,4,3,0,0.4719904648390942,0.438414730983173,0.5058215288312453,50.30247139555556,7.621586575084176,6.47875435,107.46437070868687,100.7414146172298,116.05404614693055
rsl,True,715,0.01824119192795367,106,0,599,1,9,0,0.150354609929078,0.1258690916922467,0.17862996705374107,6.812928194166666,3.856374449528302,2.3802388499999996,45.95512885687893,38.002666616035114,55.239231307995595
ssp,True,701,0.017884021736357374,523,0,165,2,11,0,0.7601744186046512,0.7268801172860977,0.7905793705504245,25.33285820972222,2.906255243945188,1.5027180666666666,33.95474876675961,31.014793295501892,37.31646440059399
pks,True,581,0.014822562951246268,75,0,505,0,1,0,0.12931034482758622,0.10442232296234505,0.15907654385358588,3.329431898611111,2.6635455188888884,2.7329886666666665,25.791999107907404,24.774545934635647,26.781692474364075
dse,True,450,0.011480470444166646,36,0,414,0,0,0,0.08,0.058343328484104486,0.10876695845301193,2.573661073055556,4.28943512175926,3.5412365833333337,32.17076341319445,23.474019642534724,43.660643986371525
swl,True,410,0.010459984182462944,354,0,56,0,0,0,0.8634146341463415,0.8267831035124359,0.8932991695118323,19.5304175775,3.3102402673728815,2.771108083333333,22.619975160381355,20.3482415925257,25.208490976369074
isr,True,345,0.008801694007194428,274,0,70,0,1,0,0.7965116279069767,0.750801534616626,0.8356723086499643,13.073772224722221,2.8628698302311433,2.9626727083333333,16.461501523829075,15.529542045788475,17.27712983366598
kvk,True,325,0.008291450876342577,64,0,260,1,0,0,0.19753086419753085,0.1578318024249697,0.24431850430852603,6.745699974722222,6.324093726302083,4.392634924999999,34.25550768413628,28.00022228484158,42.41888208477376
csc,True,239,0.0060974054136796185,22,0,215,1,1,0,0.09282700421940929,0.06210081920824374,0.13654260451921862,2.0380863691666664,5.558417370454546,2.5897989416666665,22.141029192310604,14.018595334546717,31.50698521082986
icl,True,214,0.005459601500114804,83,0,118,5,8,0,0.4129353233830846,0.34712181026957356,0.4820144589257461,5.0128721588888885,3.623763006425703,2.879274383333333,12.92475472291834,10.925275172036315,14.82400930476004
csn,True,212,0.00540857718702962,39,0,172,0,1,0,0.1848341232227488,0.13825938381166686,0.24267987562412208,6.872680876666666,10.573355194871795,10.080556316666668,37.359188355213675,31.511703884804852,43.04791975152777
???,False,197,0.0050258948388907316,193,0,4,0,0,0,0.9796954314720813,0.9489636684006759,0.992076434844867,4.235700275833333,1.316798013212435,1.0866938833333333,4.323486810047496,3.984598862521445,4.747489378270833
fse,True,196,0.005000382682348139,26,0,170,0,0,0,0.1326530612244898,0.09215818441493062,0.18727112359701487,1.425285966111111,3.28912146025641,2.63720635,10.744463436837606,7.966768624372863,13.503586704282048
tsm,True,189,0.004821797586549991,132,0,56,0,1,0,0.7021276595744681,0.6332382050308935,0.7629219604389524,14.312700571944445,6.505772987247474,5.518577775,20.493184909829548,18.486695460267047,22.757799583451707
cse,True,185,0.004719748960379621,26,0,159,0,0,0,0.14054054054054055,0.09774635086476383,0.19795968000978922,2.0478968002777775,4.725915692948718,3.826455033333333,14.57157338659188,10.209604897796476,19.91098840645967
sgg,True,185,0.004719748960379621,56,0,126,0,3,0,0.3076923076923077,0.24519072560612903,0.3781444157185259,5.41703482,5.803965878571429,5.637224483333333,17.895561458928572,13.187220299444444,24.49616116646701
asq,True,177,0.004515651708038881,164,0,13,0,0,0,0.9265536723163842,0.8784062858365944,0.9565785849011119,12.59827019361111,4.609123241565041,4.104900983333334,13.596913562616871,12.092811769318725,15.348410603435974
fss,True,174,0.004439115238411103,20,0,154,0,0,0,0.11494252873563218,0.075650426877892,0.17087007226291645,1.4013694127777778,4.204108238333333,4.355676491666666,12.191913891166665,8.815358882016668,16.011629231220834
aed,True,160,0.004081945046814807,148,0,12,0,0,0,0.925,0.8734905849508775,0.9565794338965946,33.19827559666667,13.458760377027028,6.327824641666666,35.89002767207207,30.571778485,42.31993807022523
lls,True,160,0.004081945046814807,44,0,114,2,0,0,0.27848101265822783,0.2144783107181089,0.35300001376706674,1.6654060972222224,2.2710083143939395,2.222536666666667,6.0560221717171725,5.176803278585859,6.891126668560603
slovenia,False,139,0.0035461897594203638,13,0,123,0,3,0,0.09558823529411764,0.05671456924369832,0.15668115849397052,1.0197494583333333,4.706535961538461,2.003495083333333,10.9034749775641,6.658356946771903,16.369910686320512
jos,True,132,0.003367604663622216,15,0,115,0,2,0,0.11538461538461539,0.07118304149617724,0.1816651013831667,1.0319141344444445,4.127656537777778,4.06620105,9.080844383111112,8.05873784051111,10.253702352605556
tss,True,130,0.003316580350537031,14,0,113,1,2,0,0.11023622047244094,0.06680938916575475,0.17655052083228873,1.140473872222222,4.887745166666666,4.183268325,10.590114527777777,6.572225025669644,15.702156049563484
fcs,True,128,0.0032655560374518456,15,0,113,0,0,0,0.1171875,0.07231618236850768,0.18436759574098127,3.539546686944445,14.15818674777778,14.46603175,30.204131728592596,20.60720406986667,39.504932382696296
inl,True,126,0.003214531724366661,14,0,111,1,0,0,0.112,0.06789776657366933,0.17923980390046323,1.1161896697222224,4.7836700130952385,3.2817535833333333,10.0457070275,6.6134146000625,15.110868752874996
hks,True,117,0.002984922315483328,14,0,100,0,3,0,0.12280701754385964,0.0745805246720894,0.19562626138648417,0.5529251697222223,2.369679298809524,2.0358095166666668,4.6208746326785715,3.3950478217500004,6.028759052236607
tsq,True,106,0.00270428859351481,11,0,93,0,2,0,0.10576923076923077,0.060092726304192594,0.17953279853965243,0.9291980849999999,5.06835319090909,4.9384973500000005,8.954090637272726,6.4116608133320705,11.770765983041667
sls,True,102,0.0026022399673444395,29,0,72,0,1,0,0.2871287128712871,0.2079751430698828,0.38188231809057244,2.1388805074999997,4.425270015517241,3.81542555,7.52295902637931,5.731140483360633,9.46784396895546
nsl,True,82,0.002091996836492589,10,0,72,0,0,0,0.12195121951219512,0.06760780907257918,0.21013165524309063,0.6753201308333334,4.051920785000001,2.4462222166666665,5.537625072833334,3.119279503159723,9.636543144447222
nzs,True,79,0.0020154603668648113,6,0,73,0,0,0,0.0759493670886076,0.03527156793366646,0.15595602786361415,0.3178166791666666,3.1781667916666665,1.7502040833333332,4.1845862756944445,1.607117561944444,8.486126789202544
csg,True,74,0.0018878995841518484,7,0,67,0,0,0,0.0945945945945946,0.04657934593059061,0.1826245758798552,0.5484682286111111,4.701156245238096,3.675331816666667,5.798092702460318,3.9672484839999997,8.153616443265872
prl,True,71,0.0018113631145240706,3,0,68,0,0,0,0.04225352112676056,0.014472998249826653,0.11702606109684685,0.038693474166666665,0.7738694833333333,0.46788208333333337,0.9157455552777776,0.41123829138888884,1.7823379091666662
svk,True,59,0.0015052172360129601,59,0,0,0,0,0,1.0,0.938868520215908,1.0000000000000002,4.437254620555556,4.512462325988701,4.140117916666666,4.437254620555556,3.7816764472291666,5.370734281840278
vgt,True,57,0.001454192922927775,4,0,51,0,2,0,0.07272727272727272,0.028643596503688543,0.17260178091636796,0.12571670444444444,1.8857505666666665,1.9259017333333333,1.7914630383333332,0.8660024810104168,2.626302645
mfs,True,53,0.001352144296757405,5,0,48,0,0,0,0.09433962264150944,0.04097203744189684,0.20253975673701435,0.3656884858333333,4.38826183,4.548015116666666,3.8762979498333334,2.6255396137222218,5.017391017944444
vietnam,False,36,0.0009184376355333316,6,0,24,2,4,0,0.2,0.09504978102401235,0.37306047381027446,0.6050217183333334,6.050217183333333,5.842914583333334,3.63013031,3.2565599400000003,4.1264016940833335
isg,True,34,0.0008674133224481466,34,0,0,0,0,0,1.0,0.8984820937803899,1.0,9.996403325555553,17.64071175098039,7.667035533333333,9.996403325555553,5.476576266222223,14.996906665729163
ssr,True,33,0.000841901165905554,33,0,0,0,0,0,1.0,0.8957265699643882,1.0,1.9322872258333337,3.513249501515152,2.244982616666667,1.9322872258333337,1.3247696849305557,2.65032626925
slf,True,30,0.0007653646962777764,5,0,23,0,2,0,0.17857142857142858,0.0787838582943011,0.355917915485911,0.24922106333333333,2.99065276,1.76897355,1.49532638,0.52225548,3.038576809833333
psp,True,26,0.0006633160701074062,15,0,11,0,0,0,0.5769230769230769,0.3894829692111983,0.744558100972706,1.7995722847222224,7.19828913888889,4.712102799999999,3.119258626851852,2.1056122105537036,4.149304114727777
sfb,True,25,0.0006378039135648136,0,0,23,0,2,0,0.0,-1.3877787807814457e-17,0.14312112541726274,0.0,nan,nan,nan,nan,nan
csq,True,24,0.0006122917570222211,2,0,22,0,0,0,0.08333333333333333,0.023158327842973503,0.258492152014506,0.15457394805555552,4.637218441666666,4.637218441666666,1.8548873766666665,0.5976816333333332,3.11209312
gss,True,22,0.000561267443937036,4,0,18,0,0,0,0.18181818181818182,0.07306766024105121,0.38517021976637866,0.24589286972222224,3.6883930458333336,3.4858956916666672,1.3524107834722223,0.9175236063888889,1.7872979605555557
dsl,True,21,0.0005357552873944435,2,0,19,0,0,0,0.09523809523809523,0.026518208796947246,0.2891458386074067,0.042150667777777776,1.2645200333333333,1.2645200333333333,0.44258201166666666,0.37072592666666665,0.5144380966666666
eso,True,12,0.00030614587851111056,3,0,9,0,0,0,0.25,0.08894003962896138,0.53231033912066,0.2360566388888889,4.721132777777778,6.097560083333334,0.9442265555555556,0.21377838333333335,1.3993892666666665
